state,date,M1,M2,M3,M4,V1,V2,V3,V4,D1,D2,D3,TR1,TR2,H1,H2,T1,T1a,T1b,T1c,T0,I1,E1,E1a,R1,IEAD,Xa,Xb,mask,vent,dist,tran,higi,test,imun,aead,ISRAP
TOTAL,01jan2021,1,0,0,1,1,0,0,0,0,.5,1,0,1,1,0,0,0,0,0,0,0,0,0,0,0,1,1,50,25,37.5,50,50,0,0,0,2395.8333
TOTAL,02jan2021,1,0,0,1,1,0,0,0,0,.5,1,0,1,1,0,0,0,0,0,0,0,0,0,0,0,1,1,50,25,37.5,50,50,0,0,0,2395.8333
TOTAL,03jan2021,1,0,0,1,1,0,0,0,0,.5,1,0,1,1,0,0,0,0,0,0,0,0,0,0,0,1,1,50,25,37.5,50,50,0,0,0,2395.8333
TOTAL,04jan2021,1,0,0,1,1,0,0,0,0,.5,1,0,1,1,0,0,0,0,0,0,0,0,0,0,0,1,1,50,25,37.5,50,50,0,0,0,2395.8333
TOTAL,05jan2021,1,0,0,1,1,0,0,0,0,.5,1,0,1,1,0,0,0,0,0,0,0,0,0,0,0,1,1,50,25,37.5,50,50,0,0,0,2395.8333
TOTAL,06jan2021,1,0,0,1,1,0,0,0,0,.5,1,0,1,1,0,0,0,0,0,0,0,0,0,0,0,1,1,50,25,37.5,50,50,0,0,0,2395.8333
TOTAL,07jan2021,1,0,0,1,1,0,0,0,0,.5,1,0,1,1,0,0,0,0,0,0,0,0,0,0,0,1,1,50,25,37.5,50,50,0,0,0,2395.8333
TOTAL,08jan2021,1,0,0,1,1,0,0,0,0,.5,1,0,1,1,0,0,0,0,0,0,0,0,0,0,0,1,1,50,25,37.5,50,50,0,0,0,2395.8333
TOTAL,09jan2021,1,0,0,1,1,0,0,0,0,.5,1,0,1,1,0,0,0,0,0,0,0,0,0,0,0,1,1,50,25,37.5,50,50,0,0,0,2395.8333
TOTAL,10jan2021,1,0,0,1,1,0,0,0,0,.5,1,0,1,1,0,0,0,0,0,0,0,0,0,0,0,1,1,50,25,37.5,50,50,0,0,0,2395.8333
TOTAL,11jan2021,1,0,0,1,1,0,0,0,0,.5,1,0,1,1,0,0,0,0,0,0,0,0,0,0,0,1,1,50,25,37.5,50,50,0,0,0,2395.8333
TOTAL,12jan2021,1,0,0,1,1,0,0,0,0,.5,1,0,1,1,0,0,0,0,0,0,0,0,0,0,0,1,1,50,25,37.5,50,50,0,0,0,2395.8333
TOTAL,13jan2021,1,0,0,1,1,0,0,0,0,.5,1,0,1,1,0,0,0,0,0,0,0,0,0,0,0,1,1,50,25,37.5,50,50,0,0,0,2395.8333
TOTAL,14jan2021,1,0,0,1,1,0,0,0,0,.5,1,0,1,1,0,0,0,0,0,0,0,0,0,0,0,1,1,50,25,37.5,50,50,0,0,0,2395.8333
TOTAL,15jan2021,1,0,0,1,1,0,0,0,0,.5,1,0,1,1,0,0,0,0,0,0,0,0,0,0,0,1,1,50,25,37.5,50,50,0,0,0,2395.8333
TOTAL,16jan2021,1,0,0,1,1,0,0,0,0,.5,1,0,1,1,0,0,0,0,0,0,0,0,0,0,0,1,1,50,25,37.5,50,50,0,0,0,2395.8333
TOTAL,17jan2021,1,0,0,1,1,0,0,0,0,.5,1,0,1,1,0,0,0,0,0,0,0,0,0,0,0,1,1,50,25,37.5,50,50,0,0,0,2395.8333
TOTAL,18jan2021,1,0,0,1,1,0,0,0,0,.5,1,0,1,1,0,0,0,0,0,0,0,0,0,0,0,1,1,50,25,37.5,50,50,0,0,0,2395.8333
TOTAL,19jan2021,1,0,0,1,1,0,0,0,0,.5,1,0,1,1,0,0,0,0,0,0,0,0,0,0,0,1,1,50,25,37.5,50,50,0,0,0,2395.8333
TOTAL,20jan2021,1,0,0,1,1,0,0,0,0,.5,1,0,1,1,0,0,0,0,0,0,0,0,0,0,0,1,1,50,25,37.5,50,50,0,0,0,2395.8333
TOTAL,21jan2021,1,0,0,1,1,0,0,0,0,.5,1,0,1,1,0,0,0,0,0,0,0,0,0,0,0,1,1,50,25,37.5,50,50,0,0,0,2395.8333
TOTAL,22jan2021,1,0,0,1,1,0,0,0,0,.5,1,0,1,1,0,0,0,0,0,0,0,0,0,0,0,1,1,50,25,37.5,50,50,0,0,0,2395.8333
TOTAL,23jan2021,1,0,0,1,1,0,0,0,0,.5,1,0,1,1,0,0,0,0,0,0,0,0,0,0,0,1,1,50,25,37.5,50,50,0,0,0,2395.8333
TOTAL,24jan2021,1,0,0,1,1,0,0,0,0,.5,1,0,1,1,0,0,0,0,0,0,0,0,0,0,0,1,1,50,25,37.5,50,50,0,0,0,2395.8333
TOTAL,25jan2021,1,0,0,1,1,0,0,0,0,.5,1,0,1,1,0,0,0,0,0,0,0,0,0,0,0,1,1,50,25,37.5,50,50,0,0,0,2395.8333
TOTAL,26jan2021,1,0,0,1,1,0,0,0,0,.5,1,0,1,1,0,0,0,0,0,0,0,0,0,0,0,1,1,50,25,37.5,50,50,0,0,0,2395.8333
TOTAL,27jan2021,1,0,0,1,1,0,0,0,0,.5,1,0,1,1,0,0,0,0,0,0,0,0,0,0,0,1,1,50,25,37.5,50,50,0,0,0,2395.8333
TOTAL,28jan2021,1,0,0,1,1,0,0,0,0,.5,1,0,1,1,0,0,0,0,0,0,0,0,0,0,0,1,1,50,25,37.5,50,50,0,0,0,2395.8333
TOTAL,29jan2021,1,0,0,1,1,0,0,0,0,.5,1,0,1,1,0,0,0,0,0,0,0,0,0,0,0,1,1,50,25,37.5,50,50,0,0,0,2395.8333
TOTAL,30jan2021,1,0,0,1,1,0,0,0,0,.5,1,0,1,1,0,0,0,0,0,0,0,0,0,0,0,1,1,50,25,37.5,50,50,0,0,0,2395.8333
TOTAL,31jan2021,1,0,0,1,1,0,0,0,0,.5,1,0,1,1,0,0,0,0,0,0,0,0,0,0,0,1,1,50,25,37.5,50,50,0,0,0,2395.8333
TOTAL,01feb2021,1,0,0,1,1,0,0,0,0,.5,1,0,1,1,0,0,0,0,0,0,0,0,0,0,0,1,1,50,25,37.5,50,50,0,0,0,2395.8333
TOTAL,02feb2021,1,0,0,1,1,0,0,0,0,.5,1,0,1,1,0,0,0,0,0,0,0,0,0,0,0,1,1,50,25,37.5,50,50,0,0,0,2395.8333
TOTAL,03feb2021,1,0,0,1,1,0,0,0,0,.5,1,0,1,1,0,0,0,0,0,0,0,0,0,0,0,1,1,50,25,37.5,50,50,0,0,0,2395.8333
TOTAL,04feb2021,1,0,0,1,1,0,0,0,0,.5,1,0,1,1,0,0,0,0,0,0,0,0,0,0,0,1,1,50,25,37.5,50,50,0,0,0,2395.8333
TOTAL,05feb2021,1,0,0,1,1,0,0,0,0,.5,1,0,1,1,0,0,0,0,0,0,0,0,0,0,0,1,1,50,25,37.5,50,50,0,0,0,2395.8333
TOTAL,06feb2021,1,0,0,1,1,0,0,0,0,.5,1,0,1,1,0,0,0,0,0,0,0,0,0,0,0,1,1,50,25,37.5,50,50,0,0,0,2395.8333
TOTAL,07feb2021,1,0,0,1,1,0,0,0,0,.5,1,0,1,1,0,0,0,0,0,0,0,0,0,0,0,1,1,50,25,37.5,50,50,0,0,0,2395.8333
TOTAL,08feb2021,1,0,0,1,1,0,0,0,0,.5,1,0,1,1,0,0,0,0,0,0,0,0,0,0,0,1,1,50,25,37.5,50,50,0,0,0,2395.8333
TOTAL,09feb2021,1,0,0,1,1,0,0,0,0,.5,1,0,1,1,0,0,0,0,0,0,0,0,0,0,0,1,1,50,25,37.5,50,50,0,0,0,2395.8333
TOTAL,10feb2021,1,0,0,1,1,0,0,0,0,.5,1,0,1,1,0,0,0,0,0,0,0,0,0,0,0,1,1,50,25,37.5,50,50,0,0,0,2395.8333
TOTAL,11feb2021,1,0,0,1,1,0,0,0,0,.5,1,0,1,1,0,0,0,0,0,0,0,0,0,0,0,1,1,50,25,37.5,50,50,0,0,0,2395.8333
TOTAL,12feb2021,1,0,0,1,1,0,0,0,0,.5,1,0,1,1,0,0,0,0,0,0,0,0,0,0,0,1,1,50,25,37.5,50,50,0,0,0,2395.8333
TOTAL,13feb2021,1,0,0,1,1,0,0,0,0,.5,1,0,1,1,0,0,0,0,0,0,0,0,0,0,0,1,1,50,25,37.5,50,50,0,0,0,2395.8333
TOTAL,14feb2021,1,0,0,1,1,0,0,0,0,.5,1,0,1,1,0,0,0,0,0,0,0,0,0,0,0,1,1,50,25,37.5,50,50,0,0,0,2395.8333
TOTAL,15feb2021,1,0,0,1,1,0,0,0,0,.5,1,0,1,1,0,0,0,0,0,0,0,0,0,0,0,1,1,50,25,37.5,50,50,0,0,0,2395.8333
TOTAL,16feb2021,1,0,0,1,1,0,0,0,0,.5,1,0,1,1,0,0,0,0,0,0,0,0,0,0,0,1,1,50,25,37.5,50,50,0,0,0,2395.8333
TOTAL,17feb2021,1,0,0,1,1,0,0,0,0,.5,1,0,1,1,0,0,0,0,0,0,0,0,0,0,0,1,1,50,25,37.5,50,50,0,0,0,2395.8333
TOTAL,18feb2021,1,0,0,1,1,0,0,0,0,.5,1,0,1,1,0,0,0,0,0,0,0,0,0,0,0,1,1,50,25,37.5,50,50,0,0,0,2395.8333
TOTAL,19feb2021,1,0,0,1,1,0,0,0,0,.5,1,0,1,1,0,0,0,0,0,0,0,0,0,0,0,1,1,50,25,37.5,50,50,0,0,0,2395.8333
TOTAL,20feb2021,1,0,0,1,1,0,0,0,0,.5,1,0,1,1,0,0,0,0,0,0,0,0,0,0,0,1,1,50,25,37.5,50,50,0,0,0,2395.8333
TOTAL,21feb2021,1,0,0,1,1,0,0,0,0,.5,1,0,1,1,0,0,0,0,0,0,0,0,0,0,0,1,1,50,25,37.5,50,50,0,0,0,2395.8333
TOTAL,22feb2021,1,0,0,1,1,0,0,0,0,.5,1,0,1,1,0,0,0,0,0,0,0,0,0,0,0,1,1,50,25,37.5,50,50,0,0,0,2395.8333
TOTAL,23feb2021,1,0,0,1,1,0,0,0,0,.5,1,0,1,1,0,0,0,0,0,0,0,0,0,0,0,1,1,50,25,37.5,50,50,0,0,0,2395.8333
TOTAL,24feb2021,1,0,0,1,1,0,0,0,0,.5,1,0,1,1,0,0,0,0,0,0,0,0,0,0,0,1,1,50,25,37.5,50,50,0,0,0,2395.8333
TOTAL,25feb2021,1,0,0,1,1,0,0,0,0,.5,1,0,1,1,0,0,0,0,0,0,0,0,0,0,0,1,1,50,25,37.5,50,50,0,0,0,2395.8333
TOTAL,26feb2021,1,0,0,1,1,0,0,0,0,.5,1,0,1,1,0,0,0,0,0,0,0,0,0,0,0,1,1,50,25,37.5,50,50,0,0,0,2395.8333
TOTAL,27feb2021,1,0,0,1,1,0,0,0,0,.5,1,0,1,1,0,0,0,0,0,0,0,0,0,0,0,1,1,50,25,37.5,50,50,0,0,0,2395.8333
TOTAL,28feb2021,1,0,0,1,1,0,0,0,0,.5,1,0,1,1,0,0,0,0,0,0,0,0,0,0,0,1,1,50,25,37.5,50,50,0,0,0,2395.8333
TOTAL,01mar2021,1,0,0,1,1,0,0,0,0,.5,1,0,1,1,0,0,0,0,0,0,0,0,0,0,0,1,1,50,25,37.5,50,50,0,0,0,2395.8333
TOTAL,02mar2021,1,0,0,1,1,0,0,0,0,.5,1,0,1,1,0,0,0,0,0,0,0,0,0,0,0,1,1,50,25,37.5,50,50,0,0,0,2395.8333
TOTAL,03mar2021,1,0,0,1,1,0,0,0,0,.5,1,0,1,1,0,0,0,0,0,0,0,0,0,0,0,1,1,50,25,37.5,50,50,0,0,0,2395.8333
TOTAL,04mar2021,1,0,0,1,1,0,0,0,0,.5,1,0,1,1,0,0,0,0,0,0,0,0,0,0,0,1,1,50,25,37.5,50,50,0,0,0,2395.8333
TOTAL,05mar2021,1,0,0,1,1,0,0,0,0,.5,1,0,1,1,0,0,0,0,0,0,0,0,0,0,0,1,1,50,25,37.5,50,50,0,0,0,2395.8333
TOTAL,06mar2021,1,0,0,1,1,0,0,0,0,.5,1,0,1,1,0,0,0,0,0,0,0,0,0,0,0,1,1,50,25,37.5,50,50,0,0,0,2395.8333
TOTAL,07mar2021,1,0,0,1,1,0,0,0,0,.5,1,0,1,1,0,0,0,0,0,0,0,0,0,0,0,1,1,50,25,37.5,50,50,0,0,0,2395.8333
TOTAL,08mar2021,1,0,0,1,1,0,0,0,0,.5,1,0,1,1,0,0,0,0,0,0,0,0,0,0,0,1,1,50,25,37.5,50,50,0,0,0,2395.8333
TOTAL,09mar2021,1,0,0,1,1,0,0,0,0,.5,1,0,1,1,0,0,0,0,0,0,0,0,0,0,0,1,1,50,25,37.5,50,50,0,0,0,2395.8333
TOTAL,10mar2021,1,0,0,1,1,0,0,0,0,.5,1,0,1,1,0,0,0,0,0,0,0,0,0,0,0,1,1,50,25,37.5,50,50,0,0,0,2395.8333
TOTAL,11mar2021,1,0,0,1,1,0,0,0,0,.5,1,0,1,1,0,0,0,0,0,0,0,0,0,0,0,1,1,50,25,37.5,50,50,0,0,0,2395.8333
TOTAL,12mar2021,1,0,0,1,1,0,0,0,0,.5,1,0,1,1,0,0,0,0,0,0,0,0,0,0,0,1,1,50,25,37.5,50,50,0,0,0,2395.8333
TOTAL,13mar2021,1,0,0,1,1,0,0,0,0,.5,1,0,1,1,0,0,0,0,0,0,0,0,0,0,0,1,1,50,25,37.5,50,50,0,0,0,2395.8333
TOTAL,14mar2021,1,0,0,1,1,0,0,0,0,.5,1,0,1,1,0,0,0,0,0,0,0,0,0,0,0,1,1,50,25,37.5,50,50,0,0,0,2395.8333
TOTAL,15mar2021,1,0,0,1,1,0,0,0,0,.5,1,0,1,1,0,0,0,0,0,0,0,0,0,0,0,1,1,50,25,37.5,50,50,0,0,0,2395.8333
TOTAL,16mar2021,1,0,0,1,1,0,0,0,0,.5,1,0,1,1,0,0,0,0,0,0,0,0,0,0,0,1,1,50,25,37.5,50,50,0,0,0,2395.8333
TOTAL,17mar2021,1,0,0,1,1,0,0,0,0,.5,1,0,1,1,0,0,0,0,0,0,0,0,0,0,0,1,1,50,25,37.5,50,50,0,0,0,2395.8333
TOTAL,18mar2021,1,0,0,1,1,0,0,0,0,.5,1,0,1,1,0,0,0,0,0,0,0,0,0,0,0,1,1,50,25,37.5,50,50,0,0,0,2395.8333
TOTAL,19mar2021,1,0,0,1,1,0,0,0,0,.5,1,0,1,1,0,0,0,0,0,0,0,0,0,0,0,1,1,50,25,37.5,50,50,0,0,0,2395.8333
TOTAL,20mar2021,1,0,0,1,1,0,0,0,0,.5,1,0,1,1,0,0,0,0,0,0,0,0,0,0,0,1,1,50,25,37.5,50,50,0,0,0,2395.8333
TOTAL,21mar2021,1,0,0,1,1,0,0,0,0,.5,1,0,1,1,0,0,0,0,0,0,0,0,0,0,0,1,1,50,25,37.5,50,50,0,0,0,2395.8333
TOTAL,22mar2021,1,0,0,1,1,0,0,0,0,.5,1,0,1,1,0,0,0,0,0,0,0,0,0,0,0,1,1,50,25,37.5,50,50,0,0,0,2395.8333
TOTAL,23mar2021,1,0,0,1,1,0,0,0,0,.5,1,0,1,1,0,0,0,0,0,0,0,0,0,0,0,1,1,50,25,37.5,50,50,0,0,0,2395.8333
TOTAL,24mar2021,1,0,0,1,1,0,0,0,0,.5,1,0,1,1,0,0,0,0,0,0,0,0,0,0,0,1,1,50,25,37.5,50,50,0,0,0,2395.8333
TOTAL,25mar2021,1,0,0,1,1,0,0,0,0,.5,1,0,1,1,0,0,0,0,0,0,0,0,0,0,0,1,1,50,25,37.5,50,50,0,0,0,2395.8333
TOTAL,26mar2021,1,0,0,1,1,0,0,0,0,.5,1,0,1,1,0,0,0,0,0,0,0,0,0,0,0,1,1,50,25,37.5,50,50,0,0,0,2395.8333
TOTAL,27mar2021,1,0,0,1,1,0,0,0,0,.5,1,0,1,1,0,0,0,0,0,0,0,0,0,0,0,1,1,50,25,37.5,50,50,0,0,0,2395.8333
TOTAL,28mar2021,1,0,0,1,1,0,0,0,0,.5,1,0,1,1,0,0,0,0,0,0,0,0,0,0,0,1,1,50,25,37.5,50,50,0,0,0,2395.8333
TOTAL,29mar2021,1,0,0,1,1,0,0,0,0,.5,1,0,1,1,0,0,0,0,0,0,0,0,0,0,0,1,1,50,25,37.5,50,50,0,0,0,2395.8333
TOTAL,30mar2021,1,0,0,1,1,0,0,0,0,.5,1,0,1,1,0,0,0,0,0,0,0,0,0,0,0,1,1,50,25,37.5,50,50,0,0,0,2395.8333
TOTAL,31mar2021,1,0,0,1,1,0,0,0,0,.5,1,0,1,1,0,0,0,0,0,0,0,0,0,0,0,1,1,50,25,37.5,50,50,0,0,0,2395.8333
TOTAL,01apr2021,1,0,0,1,1,0,0,0,0,.5,1,0,1,1,0,0,0,0,0,0,0,0,0,0,0,1,1,50,25,37.5,50,50,0,0,0,2395.8333
TOTAL,02apr2021,1,0,0,1,1,0,0,0,0,.5,1,0,1,1,0,0,0,0,0,0,0,0,0,0,0,1,1,50,25,37.5,50,50,0,0,0,2395.8333
TOTAL,03apr2021,1,0,0,1,1,0,0,0,0,.5,1,0,1,1,0,0,0,0,0,0,0,0,0,0,0,1,1,50,25,37.5,50,50,0,0,0,2395.8333
TOTAL,04apr2021,1,0,0,1,1,0,0,0,0,.5,1,0,1,1,0,0,0,0,0,0,0,0,0,0,0,1,1,50,25,37.5,50,50,0,0,0,2395.8333
TOTAL,05apr2021,1,0,0,1,1,0,0,0,0,.5,1,0,1,1,0,0,0,0,0,0,0,0,0,0,0,1,1,50,25,37.5,50,50,0,0,0,2395.8333
TOTAL,06apr2021,1,0,0,1,1,0,0,0,0,.5,1,0,1,1,0,0,0,0,0,0,0,0,0,0,0,1,1,50,25,37.5,50,50,0,0,0,2395.8333
TOTAL,07apr2021,1,0,0,1,1,0,0,0,0,.5,1,0,1,1,0,0,0,0,0,0,0,0,0,0,0,1,1,50,25,37.5,50,50,0,0,0,2395.8333
TOTAL,08apr2021,1,0,0,1,1,0,0,0,0,.5,1,0,1,1,0,0,0,0,0,0,0,0,0,0,0,1,1,50,25,37.5,50,50,0,0,0,2395.8333
TOTAL,09apr2021,1,0,0,1,1,0,0,0,0,.5,1,0,1,1,0,0,0,0,0,0,0,0,0,0,0,1,1,50,25,37.5,50,50,0,0,0,2395.8333
TOTAL,10apr2021,1,0,0,1,1,0,0,0,0,.5,1,0,1,1,0,0,0,0,0,0,0,0,0,0,0,1,1,50,25,37.5,50,50,0,0,0,2395.8333
TOTAL,11apr2021,1,0,0,1,1,0,0,0,0,.5,1,0,1,1,0,0,0,0,0,0,0,0,0,0,0,1,1,50,25,37.5,50,50,0,0,0,2395.8333
TOTAL,12apr2021,1,0,0,1,1,0,0,0,0,.5,1,0,1,1,0,0,0,0,0,0,0,0,0,0,0,1,1,50,25,37.5,50,50,0,0,0,2395.8333
TOTAL,13apr2021,1,0,0,1,1,0,0,0,0,.5,1,0,1,1,0,0,0,0,0,0,0,0,0,0,0,1,1,50,25,37.5,50,50,0,0,0,2395.8333
TOTAL,14apr2021,1,0,0,1,1,0,0,0,0,.5,1,0,1,1,0,0,0,0,0,0,0,0,0,0,0,1,1,50,25,37.5,50,50,0,0,0,2395.8333
TOTAL,15apr2021,1,0,0,1,1,0,0,0,0,.5,1,0,1,1,0,0,0,0,0,0,0,0,0,0,0,1,1,50,25,37.5,50,50,0,0,0,2395.8333
TOTAL,16apr2021,1,0,0,1,1,0,0,0,0,.5,1,0,1,1,0,0,0,0,0,0,0,0,0,0,0,1,1,50,25,37.5,50,50,0,0,0,2395.8333
TOTAL,17apr2021,1,0,0,1,1,0,0,0,0,.5,1,0,1,1,0,0,0,0,0,0,0,0,0,0,0,1,1,50,25,37.5,50,50,0,0,0,2395.8333
TOTAL,18apr2021,1,0,0,1,1,0,0,0,0,.5,1,0,1,1,0,0,0,0,0,0,0,0,0,0,0,1,1,50,25,37.5,50,50,0,0,0,2395.8333
TOTAL,19apr2021,1,0,0,1,1,0,0,0,0,.5,1,0,1,1,0,0,0,0,0,0,0,0,0,0,0,1,1,50,25,37.5,50,50,0,0,0,2395.8333
TOTAL,20apr2021,1,0,0,1,1,0,0,0,0,.5,1,0,1,1,0,0,0,0,0,0,0,0,0,0,0,1,1,50,25,37.5,50,50,0,0,0,2395.8333
TOTAL,21apr2021,1,0,0,1,1,0,0,0,0,.5,1,0,1,1,0,0,0,0,0,0,0,0,0,0,0,1,1,50,25,37.5,50,50,0,0,0,2395.8333
TOTAL,22apr2021,1,0,0,1,1,0,0,0,0,.5,1,0,1,1,0,0,0,0,0,0,0,0,0,0,0,1,1,50,25,37.5,50,50,0,0,0,2395.8333
TOTAL,23apr2021,1,0,0,1,1,0,0,0,0,.5,1,0,1,1,0,0,0,0,0,0,0,0,0,0,0,1,1,50,25,37.5,50,50,0,0,0,2395.8333
TOTAL,24apr2021,1,0,0,1,1,0,0,0,0,.5,1,0,1,1,0,0,0,0,0,0,0,0,0,0,0,1,1,50,25,37.5,50,50,0,0,0,2395.8333
TOTAL,25apr2021,1,0,0,1,1,0,0,0,0,.5,1,0,1,1,0,0,0,0,0,0,0,0,0,0,0,1,1,50,25,37.5,50,50,0,0,0,2395.8333
TOTAL,26apr2021,1,0,0,1,1,0,0,0,0,.5,1,0,1,1,0,0,0,0,0,0,0,0,0,0,0,1,1,50,25,37.5,50,50,0,0,0,2395.8333
TOTAL,27apr2021,1,0,0,1,1,0,0,0,0,.5,1,0,1,1,0,0,0,0,0,0,0,0,0,0,0,1,1,50,25,37.5,50,50,0,0,0,2395.8333
TOTAL,28apr2021,1,0,0,1,1,0,0,0,0,.5,1,0,1,1,0,0,0,0,0,0,0,0,0,0,0,1,1,50,25,37.5,50,50,0,0,0,2395.8333
TOTAL,29apr2021,1,0,0,1,1,0,0,0,0,.5,1,0,1,1,0,0,0,0,0,0,0,0,0,0,0,1,1,50,25,37.5,50,50,0,0,0,2395.8333
TOTAL,30apr2021,1,0,0,1,1,0,0,0,0,.5,1,0,1,1,0,0,0,0,0,0,0,0,0,0,0,1,1,50,25,37.5,50,50,0,0,0,2395.8333
TOTAL,01may2021,1,0,0,1,1,0,0,0,0,.5,1,0,1,1,0,0,0,0,0,0,0,0,0,0,0,1,1,50,25,37.5,50,50,0,0,0,2395.8333
TOTAL,02may2021,1,0,0,1,1,0,0,0,0,.5,1,0,1,1,0,0,0,0,0,0,0,0,0,0,0,1,1,50,25,37.5,50,50,0,0,0,2395.8333
TOTAL,03may2021,1,0,0,1,1,0,0,0,0,.5,1,0,1,1,0,0,0,0,0,0,0,0,0,0,0,1,1,50,25,37.5,50,50,0,0,0,2395.8333
TOTAL,04may2021,1,0,0,1,1,0,0,0,0,.5,1,0,1,1,0,0,0,0,0,0,0,0,0,0,0,1,1,50,25,37.5,50,50,0,0,0,2395.8333
TOTAL,05may2021,1,0,0,1,1,0,0,0,0,.5,1,0,1,1,0,0,0,0,0,0,0,0,0,0,0,1,1,50,25,37.5,50,50,0,0,0,2395.8333
TOTAL,06may2021,1,0,0,1,1,0,0,0,0,.5,1,0,1,1,0,0,0,0,0,0,0,0,0,0,0,1,1,50,25,37.5,50,50,0,0,0,2395.8333
TOTAL,07may2021,1,0,0,1,1,0,0,0,0,.5,1,0,1,1,0,0,0,0,0,0,0,0,0,0,0,1,1,50,25,37.5,50,50,0,0,0,2395.8333
TOTAL,08may2021,1,0,0,1,1,0,0,0,0,.5,1,0,1,1,0,0,0,0,0,0,0,0,0,0,0,1,1,50,25,37.5,50,50,0,0,0,2395.8333
TOTAL,09may2021,1,0,0,1,1,0,0,0,0,.5,1,0,1,1,0,0,0,0,0,0,0,0,0,0,0,1,1,50,25,37.5,50,50,0,0,0,2395.8333
TOTAL,10may2021,1,0,0,1,1,0,0,0,0,.5,1,0,1,1,0,0,0,0,0,0,0,0,0,0,0,1,1,50,25,37.5,50,50,0,0,0,2395.8333
TOTAL,11may2021,1,0,0,1,1,0,0,0,0,.5,1,0,1,1,0,0,0,0,0,0,0,0,0,0,0,1,1,50,25,37.5,50,50,0,0,0,2395.8333
TOTAL,12may2021,1,0,0,1,1,0,0,0,0,.5,1,0,1,1,0,0,0,0,0,0,0,0,0,0,0,1,1,50,25,37.5,50,50,0,0,0,2395.8333
TOTAL,13may2021,1,0,0,1,1,0,0,0,0,.5,1,0,1,1,0,0,0,0,0,0,0,0,0,0,0,1,1,50,25,37.5,50,50,0,0,0,2395.8333
TOTAL,14may2021,1,0,0,1,1,0,0,0,0,.5,1,0,1,1,0,0,0,0,0,0,0,0,0,0,0,1,1,50,25,37.5,50,50,0,0,0,2395.8333
TOTAL,15may2021,1,0,0,1,1,0,0,0,0,.5,1,0,1,1,0,0,0,0,0,0,0,0,0,0,0,1,1,50,25,37.5,50,50,0,0,0,2395.8333
TOTAL,16may2021,1,0,0,1,1,0,0,0,0,.5,1,0,1,1,0,0,0,0,0,0,0,0,0,0,0,1,1,50,25,37.5,50,50,0,0,0,2395.8333
TOTAL,17may2021,1,0,0,1,1,0,0,0,0,.5,1,0,1,1,0,0,0,0,0,0,0,0,0,0,0,1,1,50,25,37.5,50,50,0,0,0,2395.8333
TOTAL,18may2021,1,0,0,1,1,0,0,0,0,.5,1,0,1,1,0,0,0,0,0,0,0,0,0,0,0,1,1,50,25,37.5,50,50,0,0,0,2395.8333
TOTAL,19may2021,1,0,0,1,1,0,0,0,0,.5,1,0,1,1,0,0,0,0,0,0,0,0,0,0,0,1,1,50,25,37.5,50,50,0,0,0,2395.8333
TOTAL,20may2021,1,0,0,1,1,0,0,0,0,.5,1,0,1,1,0,0,0,0,0,0,0,0,0,0,0,1,1,50,25,37.5,50,50,0,0,0,2395.8333
TOTAL,21may2021,1,0,0,1,1,0,0,0,0,.5,1,0,1,1,0,0,0,0,0,0,0,0,0,0,0,1,1,50,25,37.5,50,50,0,0,0,2395.8333
TOTAL,22may2021,1,0,0,1,1,0,0,0,0,.5,1,0,1,1,0,0,0,0,0,0,0,0,0,0,0,1,1,50,25,37.5,50,50,0,0,0,2395.8333
TOTAL,23may2021,1,0,0,1,1,0,0,0,0,.5,1,0,1,1,0,0,0,0,0,0,0,0,0,0,0,1,1,50,25,37.5,50,50,0,0,0,2395.8333
TOTAL,24may2021,1,0,0,1,1,0,0,0,0,.5,1,0,1,1,0,0,0,0,0,0,0,0,0,0,0,1,1,50,25,37.5,50,50,0,0,0,2395.8333
TOTAL,25may2021,1,0,0,1,1,0,0,0,0,.5,1,0,1,1,0,0,0,0,0,0,0,0,0,0,0,1,1,50,25,37.5,50,50,0,0,0,2395.8333
TOTAL,26may2021,1,0,0,1,1,0,0,0,0,.5,1,0,1,1,0,0,0,0,0,0,0,0,0,0,0,1,1,50,25,37.5,50,50,0,0,0,2395.8333
TOTAL,27may2021,1,0,0,1,1,0,0,0,0,.5,1,0,1,1,0,0,0,0,0,0,0,0,0,0,0,1,1,50,25,37.5,50,50,0,0,0,2395.8333
TOTAL,28may2021,1,0,0,1,1,0,0,0,0,.5,1,0,1,1,0,0,0,0,0,0,2,0,0,0,0,1,1,50,25,37.5,50,50,0,100,0,4062.5
TOTAL,29may2021,1,0,0,1,1,0,0,0,0,.5,1,0,1,1,0,0,0,0,0,0,2,0,0,0,0,1,1,50,25,37.5,50,50,0,100,0,4062.5
TOTAL,30may2021,1,0,0,1,1,0,0,0,0,.5,1,0,1,1,0,0,0,0,0,0,2,0,0,0,0,1,1,50,25,37.5,50,50,0,100,0,4062.5
TOTAL,31may2021,1,0,0,1,1,0,0,0,0,.5,1,0,1,1,0,0,0,0,0,0,2,0,0,0,0,1,1,50,25,37.5,50,50,0,100,0,4062.5
TOTAL,01jun2021,1,0,0,1,1,0,0,0,0,.5,1,0,1,1,0,0,0,0,0,0,2,0,0,0,0,1,1,50,25,37.5,50,50,0,100,0,4062.5
TOTAL,02jun2021,1,0,0,1,1,0,0,0,0,.5,1,0,1,1,0,0,0,0,0,0,2,0,0,0,0,1,1,50,25,37.5,50,50,0,100,0,4062.5
TOTAL,03jun2021,1,0,0,1,1,0,0,0,0,.5,1,0,1,1,0,0,0,0,0,0,2,0,0,0,0,1,1,50,25,37.5,50,50,0,100,0,4062.5
TOTAL,04jun2021,1,0,0,1,1,0,0,0,0,.5,1,0,1,1,0,0,0,0,0,0,2,0,0,0,0,1,1,50,25,37.5,50,50,0,100,0,4062.5
TOTAL,05jun2021,1,0,0,1,1,0,0,0,0,.5,1,0,1,1,0,0,0,0,0,0,2,0,0,0,0,1,1,50,25,37.5,50,50,0,100,0,4062.5
TOTAL,06jun2021,1,0,0,1,1,0,0,0,0,.5,1,0,1,1,0,0,0,0,0,0,2,0,0,0,0,1,1,50,25,37.5,50,50,0,100,0,4062.5
TOTAL,07jun2021,1,0,0,1,1,0,0,0,0,.5,1,0,1,1,0,0,0,0,0,0,2,0,0,0,0,1,1,50,25,37.5,50,50,0,100,0,4062.5
TOTAL,08jun2021,1,0,0,1,1,0,0,0,0,.5,1,0,1,1,0,0,0,0,0,0,2,0,0,0,0,1,1,50,25,37.5,50,50,0,100,0,4062.5
TOTAL,09jun2021,1,0,0,1,1,0,0,0,0,.5,1,0,1,1,0,0,0,0,0,0,2,0,0,0,0,1,1,50,25,37.5,50,50,0,100,0,4062.5
TOTAL,10jun2021,1,0,0,1,1,0,0,0,0,.5,1,0,1,1,0,0,0,0,0,0,2,0,0,0,0,1,1,50,25,37.5,50,50,0,100,0,4062.5
TOTAL,11jun2021,1,0,0,1,1,0,0,0,0,.5,1,0,1,1,0,0,0,0,0,0,2,0,0,0,0,1,1,50,25,37.5,50,50,0,100,0,4062.5
TOTAL,12jun2021,1,0,0,1,1,0,0,0,0,.5,1,0,1,1,0,0,0,0,0,0,2,0,0,0,0,1,1,50,25,37.5,50,50,0,100,0,4062.5
TOTAL,13jun2021,1,0,0,1,1,0,0,0,0,.5,1,0,1,1,0,0,0,0,0,0,2,0,0,0,0,1,1,50,25,37.5,50,50,0,100,0,4062.5
TOTAL,14jun2021,1,0,0,1,1,0,0,0,0,.5,1,0,1,1,0,0,0,0,0,0,2,0,0,0,0,1,1,50,25,37.5,50,50,0,100,0,4062.5
TOTAL,15jun2021,1,0,0,1,1,0,0,0,0,.5,1,0,1,1,0,0,0,0,0,0,2,0,0,0,0,1,1,50,25,37.5,50,50,0,100,0,4062.5
TOTAL,16jun2021,1,0,0,1,1,0,0,0,0,.5,1,0,1,1,0,0,0,0,0,0,2,0,0,0,0,1,1,50,25,37.5,50,50,0,100,0,4062.5
TOTAL,17jun2021,1,0,0,1,1,0,0,0,0,.5,1,0,1,1,0,0,0,0,0,0,2,0,0,0,0,1,1,50,25,37.5,50,50,0,100,0,4062.5
TOTAL,18jun2021,1,0,0,1,1,0,0,0,0,.5,1,0,1,1,0,0,0,0,0,0,2,0,0,0,0,1,1,50,25,37.5,50,50,0,100,0,4062.5
TOTAL,19jun2021,1,0,0,1,1,0,0,0,0,.5,1,0,1,1,0,0,0,0,0,0,2,0,0,0,0,1,1,50,25,37.5,50,50,0,100,0,4062.5
TOTAL,20jun2021,1,0,0,1,1,0,0,0,0,.5,1,0,1,1,0,0,0,0,0,0,2,0,0,0,0,1,1,50,25,37.5,50,50,0,100,0,4062.5
TOTAL,21jun2021,1,0,0,1,1,0,0,0,0,.5,1,0,1,1,0,0,0,0,0,0,2,0,0,0,0,1,1,50,25,37.5,50,50,0,100,0,4062.5
TOTAL,22jun2021,1,0,0,1,1,0,0,0,0,.5,1,0,1,1,0,0,0,0,0,0,2,0,0,0,0,1,1,50,25,37.5,50,50,0,100,0,4062.5
TOTAL,23jun2021,1,0,0,1,1,0,0,0,0,.5,1,0,1,1,0,0,0,0,0,0,2,0,0,0,0,1,1,50,25,37.5,50,50,0,100,0,4062.5
TOTAL,24jun2021,1,0,0,1,1,0,0,0,0,.5,1,0,1,1,0,0,0,0,0,0,2,0,0,0,0,1,1,50,25,37.5,50,50,0,100,0,4062.5
TOTAL,25jun2021,1,0,0,1,1,0,0,0,0,.5,1,0,1,1,0,0,0,0,0,0,2,0,0,0,0,1,1,50,25,37.5,50,50,0,100,0,4062.5
TOTAL,26jun2021,1,0,0,1,1,0,0,0,0,.5,1,0,1,1,0,0,0,0,0,0,2,0,0,0,0,1,1,50,25,37.5,50,50,0,100,0,4062.5
TOTAL,27jun2021,1,0,0,1,1,0,0,0,0,.5,1,0,1,1,0,0,0,0,0,0,2,0,0,0,0,1,1,50,25,37.5,50,50,0,100,0,4062.5
TOTAL,28jun2021,1,0,0,1,1,0,0,0,0,.5,1,0,1,1,0,0,0,0,0,0,2,0,0,0,0,1,1,50,25,37.5,50,50,0,100,0,4062.5
TOTAL,29jun2021,1,0,0,1,1,0,0,0,0,.5,1,0,1,1,0,0,0,0,0,0,2,0,0,0,0,1,1,50,25,37.5,50,50,0,100,0,4062.5
TOTAL,30jun2021,1,0,0,1,1,0,0,0,0,.5,1,0,1,1,0,0,0,0,0,0,2,0,0,0,0,1,1,50,25,37.5,50,50,0,100,0,4062.5
TOTAL,01jul2021,1,0,0,1,1,0,0,0,0,.5,1,0,1,1,0,0,0,0,0,0,2,0,0,0,0,1,1,50,25,37.5,50,50,0,100,0,4062.5
TOTAL,02jul2021,1,0,0,1,1,0,0,0,0,.5,1,0,1,1,0,0,0,0,0,0,2,0,0,0,0,1,1,50,25,37.5,50,50,0,100,0,4062.5
TOTAL,03jul2021,1,0,0,1,1,0,0,0,0,.5,1,0,1,1,0,0,0,0,0,0,2,0,0,0,0,1,1,50,25,37.5,50,50,0,100,0,4062.5
TOTAL,04jul2021,1,0,0,1,1,0,0,0,0,.5,1,0,1,1,0,0,0,0,0,0,2,0,0,0,0,1,1,50,25,37.5,50,50,0,100,0,4062.5
TOTAL,05jul2021,1,0,0,1,1,0,0,0,0,.5,1,0,1,1,0,0,0,0,0,0,2,0,0,0,0,1,1,50,25,37.5,50,50,0,100,0,4062.5
TOTAL,06jul2021,1,0,0,1,1,0,0,0,0,.5,1,0,1,1,0,0,0,0,0,0,2,0,0,0,0,1,1,50,25,37.5,50,50,0,100,0,4062.5
TOTAL,07jul2021,1,0,0,1,1,0,0,0,0,.5,1,0,1,1,0,0,0,0,0,0,2,0,0,0,0,1,1,50,25,37.5,50,50,0,100,0,4062.5
TOTAL,08jul2021,1,0,0,1,1,0,0,0,0,.5,1,0,1,1,0,0,0,0,0,0,2,0,0,0,0,1,1,50,25,37.5,50,50,0,100,0,4062.5
TOTAL,09jul2021,1,0,0,1,1,0,0,0,0,.5,1,0,1,1,0,0,0,0,0,0,2,0,0,0,0,1,1,50,25,37.5,50,50,0,100,0,4062.5
TOTAL,10jul2021,1,0,0,1,1,0,0,0,0,.5,1,0,1,1,0,0,0,0,0,0,2,0,0,0,0,1,1,50,25,37.5,50,50,0,100,0,4062.5
TOTAL,11jul2021,1,0,0,1,1,0,0,0,0,.5,1,0,1,1,0,0,0,0,0,0,2,0,0,0,0,1,1,50,25,37.5,50,50,0,100,0,4062.5
TOTAL,12jul2021,1,0,0,1,1,0,0,0,0,.5,1,0,1,1,0,0,0,0,0,0,2,0,0,0,0,1,1,50,25,37.5,50,50,0,100,0,4062.5
TOTAL,13jul2021,1,0,0,1,1,0,0,0,0,.5,1,0,1,1,0,0,0,0,0,0,2,0,0,0,0,1,1,50,25,37.5,50,50,0,100,0,4062.5
TOTAL,14jul2021,1,0,0,1,1,0,0,0,0,.5,1,0,1,1,0,0,0,0,0,0,2,0,0,0,0,1,1,50,25,37.5,50,50,0,100,0,4062.5
TOTAL,15jul2021,1,0,0,1,1,0,0,0,0,.5,1,0,1,1,0,0,0,0,0,0,2,0,0,0,0,1,1,50,25,37.5,50,50,0,100,0,4062.5
TOTAL,16jul2021,1,0,0,1,1,0,0,0,0,.5,1,0,1,1,0,0,0,0,0,0,2,0,0,0,0,1,1,50,25,37.5,50,50,0,100,0,4062.5
TOTAL,17jul2021,1,0,0,1,1,0,0,0,0,.5,1,0,1,1,0,0,0,0,0,0,2,0,0,0,0,1,1,50,25,37.5,50,50,0,100,0,4062.5
TOTAL,18jul2021,1,0,0,1,1,0,0,0,0,.5,1,0,1,1,0,0,0,0,0,0,2,0,0,0,0,1,1,50,25,37.5,50,50,0,100,0,4062.5
TOTAL,19jul2021,1,0,0,1,1,0,0,0,0,.5,1,0,1,1,0,0,0,0,0,0,2,0,0,0,0,1,1,50,25,37.5,50,50,0,100,0,4062.5
TOTAL,20jul2021,1,0,0,1,1,0,0,0,0,.5,1,0,1,1,0,0,0,0,0,0,2,0,0,0,0,1,1,50,25,37.5,50,50,0,100,0,4062.5
TOTAL,21jul2021,1,0,0,1,1,0,0,0,0,.5,1,0,1,1,0,0,0,0,0,0,2,0,0,0,0,1,1,50,25,37.5,50,50,0,100,0,4062.5
TOTAL,22jul2021,1,0,0,1,1,0,0,0,0,.5,1,0,1,1,0,0,0,0,0,0,2,0,0,0,0,1,1,50,25,37.5,50,50,0,100,0,4062.5
TOTAL,23jul2021,1,0,0,1,1,0,0,0,0,.5,1,0,1,1,0,0,0,0,0,0,2,0,0,0,0,1,1,50,25,37.5,50,50,0,100,0,4062.5
TOTAL,24jul2021,1,0,0,1,1,0,0,0,0,.5,1,0,1,1,0,0,0,0,0,0,2,0,0,0,0,1,1,50,25,37.5,50,50,0,100,0,4062.5
TOTAL,25jul2021,1,0,0,1,1,0,0,0,0,.5,1,0,1,1,0,0,0,0,0,0,2,0,0,0,0,1,1,50,25,37.5,50,50,0,100,0,4062.5
TOTAL,26jul2021,1,0,0,1,1,0,0,0,0,.5,1,0,1,1,0,0,0,0,0,0,2,0,0,0,0,1,1,50,25,37.5,50,50,0,100,0,4062.5
TOTAL,27jul2021,1,0,0,1,1,0,0,0,0,.5,1,0,1,1,0,0,0,0,0,0,2,0,0,0,0,1,1,50,25,37.5,50,50,0,100,0,4062.5
TOTAL,28jul2021,1,0,0,1,1,0,0,0,0,.5,1,0,1,1,0,0,0,0,0,0,2,0,0,0,0,1,1,50,25,37.5,50,50,0,100,0,4062.5
TOTAL,29jul2021,1,0,0,1,1,0,0,0,0,.5,1,0,1,1,0,0,0,0,0,0,2,0,0,0,0,1,1,50,25,37.5,50,50,0,100,0,4062.5
TOTAL,30jul2021,1,0,0,1,1,0,0,0,0,.5,1,0,1,1,0,0,0,0,0,0,2,0,0,0,0,1,1,50,25,37.5,50,50,0,100,0,4062.5
TOTAL,31jul2021,1,0,0,1,1,0,0,0,0,.5,1,0,1,1,0,0,0,0,0,0,2,0,0,0,0,1,1,50,25,37.5,50,50,0,100,0,4062.5
TOTAL,01aug2021,1,0,0,1,1,0,0,0,0,.5,1,0,1,1,0,0,0,0,0,0,2,0,0,0,0,1,1,50,25,37.5,50,50,0,100,0,4062.5
TOTAL,02aug2021,1,0,0,1,1,0,0,0,0,.5,1,0,1,1,0,0,0,0,0,0,2,0,0,0,0,1,1,50,25,37.5,50,50,0,100,0,4062.5
TOTAL,03aug2021,1,0,0,1,1,0,0,0,0,.5,1,0,1,1,0,0,0,0,0,0,2,0,0,0,0,1,1,50,25,37.5,50,50,0,100,0,4062.5
TOTAL,04aug2021,1,0,0,1,1,0,0,0,0,.5,1,0,1,1,0,0,0,0,0,0,2,0,0,0,0,1,1,50,25,37.5,50,50,0,100,0,4062.5
TOTAL,05aug2021,1,0,0,1,1,0,0,0,0,.5,1,0,1,1,0,0,0,0,0,0,2,0,0,0,0,1,1,50,25,37.5,50,50,0,100,0,4062.5
TOTAL,06aug2021,1,0,0,1,1,0,0,0,0,.5,1,0,1,1,0,0,0,0,0,0,2,0,0,0,0,1,1,50,25,37.5,50,50,0,100,0,4062.5
TOTAL,07aug2021,1,0,0,1,1,0,0,0,0,.5,1,0,1,1,0,0,0,0,0,0,2,0,0,0,0,1,1,50,25,37.5,50,50,0,100,0,4062.5
TOTAL,08aug2021,1,0,0,1,1,0,0,0,0,.5,1,0,1,1,0,0,0,0,0,0,2,0,0,0,0,1,1,50,25,37.5,50,50,0,100,0,4062.5
TOTAL,09aug2021,1,0,0,1,1,0,0,0,0,.5,1,0,1,1,0,0,0,0,0,0,2,0,0,0,0,1,1,50,25,37.5,50,50,0,100,0,4062.5
TOTAL,10aug2021,1,0,0,1,1,0,0,0,0,.5,1,0,1,1,0,0,0,0,0,0,2,0,0,0,0,1,1,50,25,37.5,50,50,0,100,0,4062.5
TOTAL,11aug2021,1,0,0,1,1,0,0,0,0,.5,1,0,1,1,0,0,0,0,0,0,2,0,0,0,0,1,1,50,25,37.5,50,50,0,100,0,4062.5
TOTAL,12aug2021,1,0,0,1,1,0,0,0,0,.5,1,0,1,1,0,0,0,0,0,0,2,0,0,0,0,1,1,50,25,37.5,50,50,0,100,0,4062.5
TOTAL,13aug2021,1,0,0,1,1,0,0,0,0,.5,1,0,1,1,0,0,0,0,0,0,2,0,0,0,0,1,1,50,25,37.5,50,50,0,100,0,4062.5
TOTAL,14aug2021,1,0,0,1,1,0,0,0,0,.5,1,0,1,1,0,0,0,0,0,0,2,0,0,0,0,1,1,50,25,37.5,50,50,0,100,0,4062.5
TOTAL,15aug2021,1,0,0,1,1,0,0,0,0,.5,1,0,1,1,0,0,0,0,0,0,2,0,0,0,0,1,1,50,25,37.5,50,50,0,100,0,4062.5
TOTAL,16aug2021,1,0,0,1,1,0,0,0,0,.5,1,0,1,1,0,0,0,0,0,0,2,0,0,0,0,1,1,50,25,37.5,50,50,0,100,0,4062.5
TOTAL,17aug2021,1,0,0,1,1,0,0,0,0,.5,1,0,1,1,0,0,0,0,0,0,2,0,0,0,0,1,1,50,25,37.5,50,50,0,100,0,4062.5
TOTAL,18aug2021,1,0,0,1,1,0,0,0,0,.5,1,0,1,1,0,0,0,0,0,0,2,0,0,0,0,1,1,50,25,37.5,50,50,0,100,0,4062.5
TOTAL,19aug2021,1,0,0,1,1,0,0,0,0,.5,1,0,1,1,0,0,0,0,0,0,2,0,0,0,0,1,1,50,25,37.5,50,50,0,100,0,4062.5
TOTAL,20aug2021,1,0,0,1,1,0,0,0,0,.5,1,0,1,1,0,0,0,0,0,0,2,0,0,0,0,1,1,50,25,37.5,50,50,0,100,0,4062.5
TOTAL,21aug2021,1,0,0,1,1,0,0,0,0,.5,1,0,1,1,0,0,0,0,0,0,2,0,0,0,0,1,1,50,25,37.5,50,50,0,100,0,4062.5
TOTAL,22aug2021,1,0,0,1,1,0,0,0,0,.5,1,0,1,1,0,0,0,0,0,0,2,0,0,0,0,1,1,50,25,37.5,50,50,0,100,0,4062.5
TOTAL,23aug2021,1,0,0,1,1,0,0,0,0,.5,1,0,1,1,0,0,0,0,0,0,2,0,0,0,0,1,1,50,25,37.5,50,50,0,100,0,4062.5
TOTAL,24aug2021,1,0,0,1,1,0,0,0,0,.5,1,0,1,1,0,0,0,0,0,0,2,0,0,0,0,1,1,50,25,37.5,50,50,0,100,0,4062.5
TOTAL,25aug2021,1,0,0,1,1,0,0,0,0,.5,1,0,1,1,0,0,0,0,0,0,2,0,0,0,0,1,1,50,25,37.5,50,50,0,100,0,4062.5
TOTAL,26aug2021,1,0,0,1,1,0,0,0,0,.5,1,0,1,1,0,0,0,0,0,0,2,0,0,0,0,1,1,50,25,37.5,50,50,0,100,0,4062.5
TOTAL,27aug2021,1,0,0,1,1,0,0,0,0,.5,1,0,1,1,0,0,0,0,0,0,2,0,0,0,0,1,1,50,25,37.5,50,50,0,100,0,4062.5
TOTAL,28aug2021,1,0,0,1,1,0,0,0,0,.5,1,0,1,1,0,0,0,0,0,0,2,0,0,0,0,1,1,50,25,37.5,50,50,0,100,0,4062.5
TOTAL,29aug2021,1,0,0,1,1,0,0,0,0,.5,1,0,1,1,0,0,0,0,0,0,2,0,0,0,0,1,1,50,25,37.5,50,50,0,100,0,4062.5
TOTAL,30aug2021,1,0,0,1,1,0,0,0,0,.5,1,0,1,1,0,0,0,0,0,0,2,0,0,0,0,1,1,50,25,37.5,50,50,0,100,0,4062.5
TOTAL,31aug2021,1,0,0,1,1,0,0,0,0,.5,1,0,1,1,0,0,0,0,0,0,2,0,0,0,0,1,1,50,25,37.5,50,50,0,100,0,4062.5
TOTAL,01sep2021,1,0,0,1,1,0,0,0,0,.5,1,0,1,1,0,0,0,0,0,0,2,0,0,0,0,1,1,50,25,37.5,50,50,0,100,0,4062.5
TOTAL,02sep2021,1,0,0,1,1,0,0,0,0,.5,1,0,1,1,0,0,0,0,0,0,2,0,0,0,0,1,1,50,25,37.5,50,50,0,100,0,4062.5
TOTAL,03sep2021,1,0,0,1,1,0,0,0,0,.5,1,0,1,1,0,0,0,0,0,0,2,0,0,0,0,1,1,50,25,37.5,50,50,0,100,0,4062.5
TOTAL,04sep2021,1,0,0,1,1,0,0,0,0,.5,1,0,1,1,0,0,0,0,0,0,2,0,0,0,0,1,1,50,25,37.5,50,50,0,100,0,4062.5
TOTAL,05sep2021,1,0,0,1,1,0,0,0,0,.5,1,0,1,1,0,0,0,0,0,0,2,0,0,0,0,1,1,50,25,37.5,50,50,0,100,0,4062.5
TOTAL,06sep2021,1,0,0,1,1,0,0,0,0,.5,1,0,1,1,0,0,0,0,0,0,2,0,0,0,0,1,1,50,25,37.5,50,50,0,100,0,4062.5
TOTAL,07sep2021,1,0,0,1,1,0,0,0,0,.5,1,0,1,1,0,0,0,0,0,0,2,0,0,0,0,1,1,50,25,37.5,50,50,0,100,0,4062.5
TOTAL,08sep2021,1,0,0,1,1,0,0,0,0,.5,1,0,1,1,0,0,0,0,0,0,2,0,0,0,0,1,1,50,25,37.5,50,50,0,100,0,4062.5
TOTAL,09sep2021,1,0,0,1,1,0,0,0,0,.5,1,0,1,1,0,0,0,0,0,0,2,0,0,0,0,1,1,50,25,37.5,50,50,0,100,0,4062.5
TOTAL,10sep2021,1,0,0,1,1,0,0,0,0,.5,1,0,1,1,0,0,0,0,0,0,2,0,0,0,0,1,1,50,25,37.5,50,50,0,100,0,4062.5
TOTAL,11sep2021,1,0,0,1,1,0,0,0,0,.5,1,0,1,1,0,0,0,0,0,0,2,0,0,0,0,1,1,50,25,37.5,50,50,0,100,0,4062.5
TOTAL,12sep2021,1,0,0,1,1,0,0,0,0,.5,1,0,1,1,0,0,0,0,0,0,2,0,0,0,0,1,1,50,25,37.5,50,50,0,100,0,4062.5
TOTAL,13sep2021,1,0,0,1,1,0,0,0,0,.5,1,0,1,1,0,0,0,0,0,0,2,0,0,0,0,1,1,50,25,37.5,50,50,0,100,0,4062.5
TOTAL,14sep2021,1,0,0,1,1,0,0,0,0,.5,1,0,1,1,0,0,0,0,0,0,2,0,0,0,0,1,1,50,25,37.5,50,50,0,100,0,4062.5
TOTAL,15sep2021,1,0,0,1,1,0,0,0,0,.5,1,0,1,1,0,0,0,0,0,0,2,0,0,0,0,1,1,50,25,37.5,50,50,0,100,0,4062.5
TOTAL,16sep2021,1,0,0,1,1,0,0,0,0,.5,1,0,1,1,0,0,0,0,0,0,2,0,0,0,0,1,1,50,25,37.5,50,50,0,100,0,4062.5
TOTAL,17sep2021,1,0,0,1,1,0,0,0,0,.5,1,0,1,1,0,0,0,0,0,0,2,0,0,0,0,1,1,50,25,37.5,50,50,0,100,0,4062.5
TOTAL,18sep2021,1,0,0,1,1,0,0,0,0,.5,1,0,1,1,0,0,0,0,0,0,2,0,0,0,0,1,1,50,25,37.5,50,50,0,100,0,4062.5
TOTAL,19sep2021,1,0,0,1,1,0,0,0,0,.5,1,0,1,1,0,0,0,0,0,0,2,0,0,0,0,1,1,50,25,37.5,50,50,0,100,0,4062.5
TOTAL,20sep2021,1,0,0,1,1,0,0,0,0,.5,1,0,1,1,0,0,0,0,0,0,2,0,0,0,0,1,1,50,25,37.5,50,50,0,100,0,4062.5
TOTAL,21sep2021,1,0,0,1,1,0,0,0,0,.5,1,0,1,1,0,0,0,0,0,0,2,0,0,0,0,1,1,50,25,37.5,50,50,0,100,0,4062.5
TOTAL,22sep2021,1,0,0,1,1,0,0,0,0,.5,1,0,1,1,0,0,0,0,0,0,2,0,0,0,0,1,1,50,25,37.5,50,50,0,100,0,4062.5
TOTAL,23sep2021,1,0,0,1,1,0,0,0,0,.5,1,0,1,1,0,0,0,0,0,0,2,0,0,0,0,1,1,50,25,37.5,50,50,0,100,0,4062.5
TOTAL,24sep2021,1,0,0,1,1,0,0,0,0,.5,1,0,1,1,0,0,0,0,0,0,2,0,0,0,0,1,1,50,25,37.5,50,50,0,100,0,4062.5
TOTAL,25sep2021,1,0,0,1,1,0,0,0,0,.5,1,0,1,1,0,0,0,0,0,0,2,0,0,0,0,1,1,50,25,37.5,50,50,0,100,0,4062.5
TOTAL,26sep2021,1,0,0,1,1,0,0,0,0,.5,1,0,1,1,0,0,0,0,0,0,2,0,0,0,0,1,1,50,25,37.5,50,50,0,100,0,4062.5
TOTAL,27sep2021,1,0,0,1,1,0,0,0,0,.5,1,0,1,1,0,0,0,0,0,0,2,0,0,0,0,1,1,50,25,37.5,50,50,0,100,0,4062.5
TOTAL,28sep2021,1,0,0,1,1,0,0,0,0,.5,1,0,1,1,0,0,0,0,0,0,2,0,0,0,0,1,1,50,25,37.5,50,50,0,100,0,4062.5
TOTAL,29sep2021,1,0,0,1,1,0,0,0,0,.5,1,0,1,1,0,0,0,0,0,0,2,0,0,0,0,1,1,50,25,37.5,50,50,0,100,0,4062.5
TOTAL,30sep2021,1,0,0,1,1,0,0,0,0,.5,1,0,1,1,0,0,0,0,0,0,2,0,0,0,0,1,1,50,25,37.5,50,50,0,100,0,4062.5
TOTAL,01oct2021,1,0,0,1,1,0,0,0,0,.5,1,0,1,1,0,0,0,0,0,0,2,0,0,0,0,1,1,50,25,37.5,50,50,0,100,0,4062.5
TOTAL,02oct2021,1,0,0,1,1,0,0,0,0,.5,1,0,1,1,0,0,0,0,0,0,2,0,0,0,0,1,1,50,25,37.5,50,50,0,100,0,4062.5
TOTAL,03oct2021,1,0,0,1,1,0,0,0,0,.5,1,0,1,1,0,0,0,0,0,0,2,0,0,0,0,1,1,50,25,37.5,50,50,0,100,0,4062.5
TOTAL,04oct2021,1,0,0,1,1,0,0,0,0,.5,1,0,1,1,0,0,0,0,0,0,2,0,0,0,0,1,1,50,25,37.5,50,50,0,100,0,4062.5
TOTAL,05oct2021,1,0,0,1,1,0,0,0,0,.5,1,0,1,1,0,0,0,0,0,0,2,0,0,0,0,1,1,50,25,37.5,50,50,0,100,0,4062.5
TOTAL,06oct2021,1,0,0,1,1,0,0,0,0,.5,1,0,1,1,0,0,0,0,0,0,2,0,0,0,0,1,1,50,25,37.5,50,50,0,100,0,4062.5
TOTAL,07oct2021,1,0,0,1,1,0,0,0,0,.5,1,0,1,1,0,0,0,0,0,0,2,0,0,0,0,1,1,50,25,37.5,50,50,0,100,0,4062.5
TOTAL,08oct2021,1,0,0,1,1,0,0,0,0,.5,1,0,1,1,0,0,0,0,0,0,2,0,0,0,0,1,1,50,25,37.5,50,50,0,100,0,4062.5
TOTAL,09oct2021,1,0,0,1,1,0,0,0,0,.5,1,0,1,1,0,0,0,0,0,0,2,0,0,0,0,1,1,50,25,37.5,50,50,0,100,0,4062.5
TOTAL,10oct2021,1,0,0,1,1,0,0,0,0,.5,1,0,1,1,0,0,0,0,0,0,2,0,0,0,0,1,1,50,25,37.5,50,50,0,100,0,4062.5
TOTAL,11oct2021,1,0,0,1,1,0,0,0,0,.5,1,0,1,1,0,0,0,0,0,0,2,0,0,0,0,1,1,50,25,37.5,50,50,0,100,0,4062.5
TOTAL,12oct2021,1,0,0,1,1,0,0,0,0,.5,1,0,1,1,0,0,0,0,0,0,2,0,0,0,0,1,1,50,25,37.5,50,50,0,100,0,4062.5
TOTAL,13oct2021,1,0,0,1,1,0,0,0,0,.5,1,0,1,1,0,0,0,0,0,0,2,0,0,0,0,1,1,50,25,37.5,50,50,0,100,0,4062.5
TOTAL,14oct2021,1,0,0,1,1,0,0,0,0,.5,1,0,1,1,0,0,0,0,0,0,2,0,0,0,0,1,1,50,25,37.5,50,50,0,100,0,4062.5
TOTAL,15oct2021,1,0,0,1,1,0,0,0,0,.5,1,0,1,1,0,0,0,0,0,0,2,0,0,0,0,1,1,50,25,37.5,50,50,0,100,0,4062.5
TOTAL,16oct2021,1,0,0,1,1,0,0,0,0,.5,1,0,1,1,0,0,0,0,0,0,2,0,0,0,0,1,1,50,25,37.5,50,50,0,100,0,4062.5
TOTAL,17oct2021,1,0,0,1,1,0,0,0,0,.5,1,0,1,1,0,0,0,0,0,0,2,0,0,0,0,1,1,50,25,37.5,50,50,0,100,0,4062.5
TOTAL,18oct2021,1,0,0,1,1,0,0,0,0,.5,1,0,1,1,0,0,0,0,0,0,2,0,0,0,0,1,1,50,25,37.5,50,50,0,100,0,4062.5
TOTAL,19oct2021,1,0,0,1,1,0,0,0,0,.5,1,0,1,1,0,0,0,0,0,0,2,0,0,0,0,1,1,50,25,37.5,50,50,0,100,0,4062.5
TOTAL,20oct2021,1,0,0,1,1,0,0,0,0,.5,1,0,1,1,0,0,0,0,0,0,2,0,0,0,0,1,1,50,25,37.5,50,50,0,100,0,4062.5
TOTAL,21oct2021,1,0,0,1,1,0,0,0,0,.5,1,0,1,1,0,0,0,0,0,0,2,0,0,0,0,1,1,50,25,37.5,50,50,0,100,0,4062.5
TOTAL,22oct2021,1,0,0,1,1,0,0,0,0,.5,1,0,1,1,0,0,0,0,0,0,2,0,0,0,0,1,1,50,25,37.5,50,50,0,100,0,4062.5
TOTAL,23oct2021,1,0,0,1,1,0,0,0,0,.5,1,0,1,1,0,0,0,0,0,0,2,0,0,0,0,1,1,50,25,37.5,50,50,0,100,0,4062.5
TOTAL,24oct2021,1,0,0,1,1,0,0,0,0,.5,1,0,1,1,0,0,0,0,0,0,2,0,0,0,0,1,1,50,25,37.5,50,50,0,100,0,4062.5
TOTAL,25oct2021,1,0,0,1,1,0,0,0,0,.5,1,0,1,1,0,0,0,0,0,0,2,0,0,0,0,1,1,50,25,37.5,50,50,0,100,0,4062.5
TOTAL,26oct2021,1,0,0,1,1,0,0,0,0,.5,1,0,1,1,0,0,0,0,0,0,2,0,0,0,0,1,1,50,25,37.5,50,50,0,100,0,4062.5
TOTAL,27oct2021,1,0,0,1,1,0,0,0,0,.5,1,0,1,1,0,0,0,0,0,0,2,0,0,0,0,1,1,50,25,37.5,50,50,0,100,0,4062.5
TOTAL,28oct2021,1,0,0,1,1,0,0,0,0,.5,1,0,1,1,0,0,0,0,0,0,2,0,0,0,0,1,1,50,25,37.5,50,50,0,100,0,4062.5
TOTAL,29oct2021,1,0,0,1,1,0,0,0,0,.5,1,0,1,1,0,0,0,0,0,0,2,0,0,0,0,1,1,50,25,37.5,50,50,0,100,0,4062.5
TOTAL,30oct2021,1,0,0,1,1,0,0,0,0,.5,1,0,1,1,0,0,0,0,0,0,2,0,0,0,0,1,1,50,25,37.5,50,50,0,100,0,4062.5
TOTAL,31oct2021,1,0,0,1,1,0,0,0,0,.5,1,0,1,1,0,0,0,0,0,0,2,0,0,0,0,1,1,50,25,37.5,50,50,0,100,0,4062.5
TOTAL,01nov2021,1,0,0,1,1,0,0,0,0,.5,1,0,1,1,0,0,0,0,0,0,2,0,0,0,0,1,1,50,25,37.5,50,50,0,100,0,4062.5
TOTAL,02nov2021,1,0,0,1,1,0,0,0,0,.5,1,0,1,1,0,0,0,0,0,0,2,0,0,0,0,1,1,50,25,37.5,50,50,0,100,0,4062.5
TOTAL,03nov2021,1,0,0,1,1,0,0,0,0,.5,1,0,1,1,0,0,0,0,0,0,2,0,0,0,0,1,1,50,25,37.5,50,50,0,100,0,4062.5
TOTAL,04nov2021,1,0,0,1,1,0,0,0,0,.5,1,0,1,1,0,0,0,0,0,0,2,0,0,0,0,1,1,50,25,37.5,50,50,0,100,0,4062.5
TOTAL,05nov2021,1,0,0,1,1,0,0,0,0,.5,1,0,1,1,0,0,0,0,0,0,2,0,0,0,0,1,1,50,25,37.5,50,50,0,100,0,4062.5
TOTAL,06nov2021,1,0,0,1,1,0,0,0,0,.5,1,0,1,1,0,0,0,0,0,0,2,0,0,0,0,1,1,50,25,37.5,50,50,0,100,0,4062.5
TOTAL,07nov2021,1,0,0,1,1,0,0,0,0,.5,1,0,1,1,0,0,0,0,0,0,2,0,0,0,0,1,1,50,25,37.5,50,50,0,100,0,4062.5
TOTAL,08nov2021,1,0,0,1,1,0,0,0,0,.5,1,0,1,1,0,0,0,0,0,0,2,0,0,0,0,1,1,50,25,37.5,50,50,0,100,0,4062.5
TOTAL,09nov2021,1,0,0,1,1,0,0,0,0,.5,1,0,1,1,0,0,0,0,0,0,2,0,0,0,0,1,1,50,25,37.5,50,50,0,100,0,4062.5
TOTAL,10nov2021,1,0,0,1,1,0,0,0,0,.5,1,0,1,1,0,0,0,0,0,0,2,0,0,0,0,1,1,50,25,37.5,50,50,0,100,0,4062.5
TOTAL,11nov2021,1,0,0,1,1,0,0,0,0,.5,1,0,1,1,0,0,0,0,0,0,2,0,0,0,0,1,1,50,25,37.5,50,50,0,100,0,4062.5
TOTAL,12nov2021,1,0,0,1,1,0,0,0,0,.5,1,0,1,1,0,0,0,0,0,0,2,0,0,0,0,1,1,50,25,37.5,50,50,0,100,0,4062.5
TOTAL,13nov2021,1,0,0,1,1,0,0,0,0,.5,1,0,1,1,0,0,0,0,0,0,2,0,0,0,0,1,1,50,25,37.5,50,50,0,100,0,4062.5
TOTAL,14nov2021,1,0,0,1,1,0,0,0,0,.5,1,0,1,1,0,0,0,0,0,0,2,0,0,0,0,1,1,50,25,37.5,50,50,0,100,0,4062.5
TOTAL,15nov2021,1,0,0,1,1,0,0,0,0,.5,1,0,1,1,0,0,0,0,0,0,2,0,0,0,0,1,1,50,25,37.5,50,50,0,100,0,4062.5
TOTAL,16nov2021,1,0,0,1,1,0,0,0,0,.5,1,0,1,1,0,0,0,0,0,0,2,0,0,0,0,1,1,50,25,37.5,50,50,0,100,0,4062.5
TOTAL,17nov2021,1,0,0,1,1,0,0,0,0,.5,1,0,1,1,0,0,0,0,0,0,2,0,0,0,0,1,1,50,25,37.5,50,50,0,100,0,4062.5
TOTAL,18nov2021,1,0,0,1,1,0,0,0,0,.5,1,0,1,1,0,0,0,0,0,0,2,0,0,0,0,1,1,50,25,37.5,50,50,0,100,0,4062.5
TOTAL,19nov2021,1,0,0,1,1,0,0,0,0,.5,1,0,1,1,0,0,0,0,0,0,2,0,0,0,0,1,1,50,25,37.5,50,50,0,100,0,4062.5
TOTAL,20nov2021,1,0,0,1,1,0,0,0,0,.5,1,0,1,1,0,0,0,0,0,0,2,0,0,0,0,1,1,50,25,37.5,50,50,0,100,0,4062.5
TOTAL,21nov2021,1,0,0,1,1,0,0,0,0,.5,1,0,1,1,0,0,0,0,0,0,2,0,0,0,0,1,1,50,25,37.5,50,50,0,100,0,4062.5
TOTAL,22nov2021,1,0,0,1,1,0,0,0,0,.5,1,0,1,1,0,0,0,0,0,0,2,0,0,0,0,1,1,50,25,37.5,50,50,0,100,0,4062.5
TOTAL,23nov2021,1,0,0,1,1,0,0,0,0,.5,1,0,1,1,0,0,0,0,0,0,2,0,0,0,0,1,1,50,25,37.5,50,50,0,100,0,4062.5
TOTAL,24nov2021,1,0,0,1,1,0,0,0,0,.5,1,0,1,1,0,0,0,0,0,0,2,0,0,0,0,1,1,50,25,37.5,50,50,0,100,0,4062.5
TOTAL,25nov2021,1,0,0,1,1,0,0,0,0,.5,1,0,1,1,0,0,0,0,0,0,2,0,0,0,0,1,1,50,25,37.5,50,50,0,100,0,4062.5
TOTAL,26nov2021,1,0,0,1,1,0,0,0,0,.5,1,0,1,1,0,0,0,0,0,0,2,0,0,0,0,1,1,50,25,37.5,50,50,0,100,0,4062.5
TOTAL,27nov2021,1,0,0,1,1,0,0,0,0,.5,1,0,1,1,0,0,0,0,0,0,2,0,0,0,0,1,1,50,25,37.5,50,50,0,100,0,4062.5
TOTAL,28nov2021,1,0,0,1,1,0,0,0,0,.5,1,0,1,1,0,0,0,0,0,0,2,0,0,0,0,1,1,50,25,37.5,50,50,0,100,0,4062.5
TOTAL,29nov2021,1,0,0,1,1,0,0,0,0,.5,1,0,1,1,0,0,0,0,0,0,2,0,0,0,0,1,1,50,25,37.5,50,50,0,100,0,4062.5
TOTAL,30nov2021,1,0,0,1,1,0,0,0,0,.5,1,0,1,1,0,0,0,0,0,0,2,0,0,0,0,1,1,50,25,37.5,50,50,0,100,0,4062.5
TOTAL,01dec2021,1,0,0,1,1,0,0,0,0,.5,1,0,1,1,0,0,0,0,0,0,2,0,0,0,0,1,1,50,25,37.5,50,50,0,100,0,4062.5
TOTAL,02dec2021,1,0,0,1,1,0,0,0,0,.5,1,0,1,1,0,0,0,0,0,0,2,0,0,0,0,1,1,50,25,37.5,50,50,0,100,0,4062.5
TOTAL,03dec2021,1,0,0,1,1,0,0,0,0,.5,1,0,1,1,0,0,0,0,0,0,2,0,0,0,0,1,1,50,25,37.5,50,50,0,100,0,4062.5
TOTAL,04dec2021,1,0,0,1,1,0,0,0,0,.5,1,0,1,1,0,0,0,0,0,0,2,0,0,0,0,1,1,50,25,37.5,50,50,0,100,0,4062.5
TOTAL,05dec2021,1,0,0,1,1,0,0,0,0,.5,1,0,1,1,0,0,0,0,0,0,2,0,0,0,0,1,1,50,25,37.5,50,50,0,100,0,4062.5
TOTAL,06dec2021,1,0,0,1,1,0,0,0,0,.5,1,0,1,1,0,0,0,0,0,0,2,0,0,0,0,1,1,50,25,37.5,50,50,0,100,0,4062.5
TOTAL,07dec2021,1,0,0,1,1,0,0,0,0,.5,1,0,1,1,0,0,0,0,0,0,2,0,0,0,0,1,1,50,25,37.5,50,50,0,100,0,4062.5
TOTAL,08dec2021,1,0,0,1,1,0,0,0,0,.5,1,0,1,1,0,0,0,0,0,0,2,0,0,0,0,1,1,50,25,37.5,50,50,0,100,0,4062.5
TOTAL,09dec2021,1,0,0,1,1,0,0,0,0,.5,1,0,1,1,0,0,0,0,0,0,2,0,0,0,0,1,1,50,25,37.5,50,50,0,100,0,4062.5
TOTAL,10dec2021,1,0,0,1,1,0,0,0,0,.5,1,0,1,1,0,0,0,0,0,0,2,0,0,0,0,1,1,50,25,37.5,50,50,0,100,0,4062.5
TOTAL,11dec2021,1,0,0,1,1,0,0,0,0,.5,1,0,1,1,0,0,0,0,0,0,2,0,0,0,0,1,1,50,25,37.5,50,50,0,100,0,4062.5
TOTAL,12dec2021,1,0,0,1,1,0,0,0,0,.5,1,0,1,1,0,0,0,0,0,0,2,0,0,0,0,1,1,50,25,37.5,50,50,0,100,0,4062.5
TOTAL,13dec2021,1,0,0,1,1,0,0,0,0,.5,1,0,1,1,0,0,0,0,0,0,2,0,0,0,0,1,1,50,25,37.5,50,50,0,100,0,4062.5
TOTAL,14dec2021,1,0,0,1,1,0,0,0,0,.5,1,0,1,1,0,0,0,0,0,0,2,0,0,0,0,1,1,50,25,37.5,50,50,0,100,0,4062.5
TOTAL,15dec2021,1,0,0,1,1,0,0,0,0,.5,1,0,1,1,0,0,0,0,0,0,2,0,0,0,0,1,1,50,25,37.5,50,50,0,100,0,4062.5
TOTAL,16dec2021,1,0,0,1,1,0,0,0,0,.5,1,0,1,1,0,0,0,0,0,0,2,0,0,0,0,1,1,50,25,37.5,50,50,0,100,0,4062.5
TOTAL,17dec2021,1,0,0,1,1,0,0,0,0,.5,1,0,1,1,0,0,0,0,0,0,2,0,0,0,0,1,1,50,25,37.5,50,50,0,100,0,4062.5
TOTAL,18dec2021,1,0,0,1,1,0,0,0,0,.5,1,0,1,1,0,0,0,0,0,0,2,0,0,0,0,1,1,50,25,37.5,50,50,0,100,0,4062.5
TOTAL,19dec2021,1,0,0,1,1,0,0,0,0,.5,1,0,1,1,0,0,0,0,0,0,2,0,0,0,0,1,1,50,25,37.5,50,50,0,100,0,4062.5
TOTAL,20dec2021,1,0,0,1,1,0,0,0,0,.5,1,0,1,1,0,0,0,0,0,0,2,0,0,0,0,1,1,50,25,37.5,50,50,0,100,0,4062.5
TOTAL,21dec2021,1,0,0,1,1,0,0,0,0,.5,1,0,1,1,0,0,0,0,0,0,2,0,0,0,0,1,1,50,25,37.5,50,50,0,100,0,4062.5
TOTAL,22dec2021,1,0,0,1,1,0,0,0,0,.5,1,0,1,1,0,0,0,0,0,0,2,0,0,0,0,1,1,50,25,37.5,50,50,0,100,0,4062.5
TOTAL,23dec2021,1,0,0,1,1,0,0,0,0,.5,1,0,1,1,0,0,0,0,0,0,2,0,0,0,0,1,1,50,25,37.5,50,50,0,100,0,4062.5
TOTAL,24dec2021,1,0,0,1,1,0,0,0,0,.5,1,0,1,1,0,0,0,0,0,0,2,0,0,0,0,1,1,50,25,37.5,50,50,0,100,0,4062.5
TOTAL,25dec2021,1,0,0,1,1,0,0,0,0,.5,1,0,1,1,0,0,0,0,0,0,2,0,0,0,0,1,1,50,25,37.5,50,50,0,100,0,4062.5
TOTAL,26dec2021,1,0,0,1,1,0,0,0,0,.5,1,0,1,1,0,0,0,0,0,0,2,0,0,0,0,1,1,50,25,37.5,50,50,0,100,0,4062.5
TOTAL,27dec2021,1,0,0,1,1,0,0,0,0,.5,1,0,1,1,0,0,0,0,0,0,2,0,0,0,0,1,1,50,25,37.5,50,50,0,100,0,4062.5
TOTAL,28dec2021,1,0,0,1,1,0,0,0,0,.5,1,0,1,1,0,0,0,0,0,0,2,0,0,0,0,1,1,50,25,37.5,50,50,0,100,0,4062.5
TOTAL,29dec2021,1,0,0,1,1,0,0,0,0,.5,1,0,1,1,0,0,0,0,0,0,2,0,0,0,0,1,1,50,25,37.5,50,50,0,100,0,4062.5
TOTAL,30dec2021,1,0,0,1,1,0,0,0,0,.5,1,0,1,1,0,0,0,0,0,0,2,0,0,0,0,1,1,50,25,37.5,50,50,0,100,0,4062.5
TOTAL,31dec2021,1,0,0,1,1,0,0,0,0,.5,1,0,1,1,0,0,0,0,0,0,2,0,0,0,0,1,1,50,25,37.5,50,50,0,100,0,4062.5
